season,datetime,home_team,away_team,home_goals,away_goals,spurs_goals,spurs_conceded,spurs_xG,spurs_xGA,spurs_result
2022,2022-08-06 14:00:00,Tottenham,Southampton,4,1,4,1,1.6172,0.386546,W
2022,2022-08-14 15:30:00,Chelsea,Tottenham,2,2,2,2,1.58708,1.83945,D
2022,2022-08-20 11:30:00,Tottenham,Wolverhampton Wanderers,1,0,1,0,1.46608,0.686123,W
2022,2022-08-28 15:30:00,Nottingham Forest,Tottenham,0,2,2,0,2.44473,0.801369,W
2022,2022-08-31 18:45:00,West Ham,Tottenham,1,1,1,1,0.723285,1.52267,D
2022,2022-09-03 14:00:00,Tottenham,Fulham,2,1,2,1,2.67823,0.381556,W
2022,2022-09-17 16:30:00,Tottenham,Leicester,6,2,6,2,1.98619,1.59449,W
2022,2022-10-01 11:30:00,Arsenal,Tottenham,3,1,1,3,1.5027,2.48403,L
2022,2022-10-08 16:30:00,Brighton,Tottenham,0,1,1,0,0.771641,0.899735,W
2022,2022-10-15 16:30:00,Tottenham,Everton,2,0,2,0,2.49409,0.560039,W
2022,2022-10-19 19:15:00,Manchester United,Tottenham,2,0,0,2,0.658526,1.70973,L
2022,2022-10-23 15:30:00,Tottenham,Newcastle United,1,2,1,2,1.56513,1.1294,L
2022,2022-10-29 14:00:00,Bournemouth,Tottenham,2,3,3,2,2.1946,0.887533,W
2022,2022-11-06 16:30:00,Tottenham,Liverpool,1,2,1,2,1.81736,1.46548,L
2022,2022-11-12 15:00:00,Tottenham,Leeds,4,3,4,3,2.58046,1.71731,W
2022,2022-12-26 12:30:00,Brentford,Tottenham,2,2,2,2,0.883787,2.25263,D
2022,2023-01-01 14:00:00,Tottenham,Aston Villa,0,2,0,2,0.569383,1.21733,L
2022,2023-01-04 20:00:00,Crystal Palace,Tottenham,0,4,4,0,1.66514,0.787525,W
2022,2023-01-15 16:30:00,Tottenham,Arsenal,0,2,0,2,1.71032,2.04232,L
2022,2023-01-19 19:00:00,Manchester City,Tottenham,4,2,2,4,1.16499,2.34166,L
2022,2023-01-23 20:00:00,Fulham,Tottenham,0,1,1,0,0.993805,1.09339,W
2022,2023-02-05 16:30:00,Tottenham,Manchester City,1,0,1,0,1.42168,0.773747,W
2022,2023-02-11 15:00:00,Leicester,Tottenham,4,1,1,4,1.11709,1.41208,L
2022,2023-02-19 16:30:00,Tottenham,West Ham,2,0,2,0,1.43042,0.365173,W
2022,2023-02-26 13:30:00,Tottenham,Chelsea,2,0,2,0,0.926313,0.262281,W
2022,2023-03-04 15:00:00,Wolverhampton Wanderers,Tottenham,1,0,0,1,1.25588,0.562477,L
2022,2023-03-11 15:00:00,Tottenham,Nottingham Forest,3,1,3,1,1.73482,1.62805,W
2022,2023-03-18 15:00:00,Southampton,Tottenham,3,3,3,3,1.88473,2.52077,D
2022,2023-04-03 19:00:00,Everton,Tottenham,1,1,1,1,1.39177,0.823365,D
2022,2023-04-08 14:00:00,Tottenham,Brighton,2,1,2,1,0.594139,1.47549,W
2022,2023-04-15 14:00:00,Tottenham,Bournemouth,2,3,2,3,2.30604,1.20598,L
2022,2023-04-23 13:00:00,Newcastle United,Tottenham,6,1,1,6,0.883001,3.98532,L
2022,2023-04-27 19:15:00,Tottenham,Manchester United,2,2,2,2,2.37239,1.96508,D
2022,2023-04-30 15:30:00,Liverpool,Tottenham,4,3,3,4,1.44927,2.42911,L
2022,2023-05-06 14:00:00,Tottenham,Crystal Palace,1,0,1,0,1.15665,0.306669,W
2022,2023-05-13 14:00:00,Aston Villa,Tottenham,2,1,1,2,1.18505,1.79987,L
2022,2023-05-20 11:30:00,Tottenham,Brentford,1,3,1,3,1.61667,1.15344,L
2022,2023-05-28 15:30:00,Leeds,Tottenham,1,4,4,1,2.03315,1.19151,W
2023,2023-08-13 13:00:00,Brentford,Tottenham,2,2,2,2,1.45316,1.90756,D
2023,2023-08-19 16:30:00,Tottenham,Manchester United,2,0,2,0,2.53904,2.44604,W
2023,2023-08-26 11:30:00,Bournemouth,Tottenham,0,2,2,0,2.26115,0.483582,W
2023,2023-09-02 14:00:00,Burnley,Tottenham,2,5,5,2,2.39785,1.66604,W
2023,2023-09-16 14:00:00,Tottenham,Sheffield United,2,1,2,1,2.15909,0.790655,W
2023,2023-09-24 13:00:00,Arsenal,Tottenham,2,2,2,2,2.21166,2.3429,D
2023,2023-09-30 16:30:00,Tottenham,Liverpool,2,1,2,1,2.18823,1.12299,W
2023,2023-10-07 11:30:00,Luton,Tottenham,0,1,1,0,2.37947,0.848118,W
2023,2023-10-23 19:00:00,Tottenham,Fulham,2,0,2,0,1.63523,0.745838,W
2023,2023-10-27 19:00:00,Crystal Palace,Tottenham,1,2,2,1,0.989103,0.561834,W
2023,2023-11-06 20:00:00,Tottenham,Chelsea,1,4,1,4,0.959108,4.05865,L
2023,2023-11-11 12:30:00,Wolverhampton Wanderers,Tottenham,2,1,1,2,0.432315,1.90884,L
2023,2023-11-26 14:00:00,Tottenham,Aston Villa,1,2,1,2,2.22542,2.39755,L
2023,2023-12-03 16:30:00,Manchester City,Tottenham,3,3,3,3,0.433077,2.90729,D
2023,2023-12-07 20:15:00,Tottenham,West Ham,1,2,1,2,1.61268,1.7409,L
2023,2023-12-10 16:30:00,Tottenham,Newcastle United,4,1,4,1,4.40118,1.61368,W
2023,2023-12-15 20:00:00,Nottingham Forest,Tottenham,0,2,2,0,1.60738,1.70569,W
2023,2023-12-23 15:00:00,Tottenham,Everton,2,1,2,1,1.57527,1.98385,W
2023,2023-12-28 19:30:00,Brighton,Tottenham,4,2,2,4,2.06955,3.84702,L
2023,2023-12-31 14:00:00,Tottenham,Bournemouth,3,1,3,1,2.15027,1.58229,W
2023,2024-01-14 16:30:00,Manchester United,Tottenham,2,2,2,2,1.31224,0.923233,D
2023,2024-01-31 19:30:00,Tottenham,Brentford,3,2,3,2,3.36194,1.59637,W
2023,2024-02-03 12:30:00,Everton,Tottenham,2,2,2,2,0.922371,3.25881,D
2023,2024-02-10 15:00:00,Tottenham,Brighton,2,1,2,1,2.10928,1.49285,W
2023,2024-02-17 15:00:00,Tottenham,Wolverhampton Wanderers,1,2,1,2,1.59768,1.77591,L
2023,2024-03-02 15:00:00,Tottenham,Crystal Palace,3,1,3,1,2.6625,0.277887,W
2023,2024-03-10 13:00:00,Aston Villa,Tottenham,0,4,4,0,2.25381,1.23267,W
2023,2024-03-16 17:30:00,Fulham,Tottenham,3,0,0,3,2.14564,2.47234,L
2023,2024-03-30 15:00:00,Tottenham,Luton,2,1,2,1,2.46523,0.402402,W
2023,2024-04-02 19:15:00,West Ham,Tottenham,1,1,1,1,1.39423,1.47017,D
2023,2024-04-07 19:00:00,Tottenham,Nottingham Forest,3,1,3,1,1.61978,2.00122,W
2023,2024-04-13 11:30:00,Newcastle United,Tottenham,4,0,0,4,0.737596,3.1483,L
2023,2024-04-28 13:00:00,Tottenham,Arsenal,2,3,2,3,2.60458,1.51469,L
2023,2024-05-02 18:30:00,Chelsea,Tottenham,2,0,0,2,1.27064,2.22432,L
2023,2024-05-05 15:30:00,Liverpool,Tottenham,4,2,2,4,1.17205,3.26222,L
2023,2024-05-11 14:00:00,Tottenham,Burnley,2,1,2,1,3.00238,0.950331,W
2023,2024-05-14 19:00:00,Tottenham,Manchester City,0,2,0,2,1.84285,2.70331,L
2023,2024-05-19 15:00:00,Sheffield United,Tottenham,0,3,3,0,3.19675,0.697312,W
2024,2024-08-19 19:00:00,Leicester,Tottenham,1,1,1,1,1.40775,1.02614,D
2024,2024-08-24 14:00:00,Tottenham,Everton,4,0,4,0,2.61143,0.648869,W
2024,2024-09-01 12:30:00,Newcastle United,Tottenham,2,1,1,2,1.63304,1.58694,L
2024,2024-09-15 13:00:00,Tottenham,Arsenal,0,1,0,1,0.792595,1.1209,L
2024,2024-09-21 14:00:00,Tottenham,Brentford,3,1,3,1,3.89481,0.893565,W
2024,2024-09-29 15:30:00,Manchester United,Tottenham,0,3,3,0,5.4072,0.600721,W
2024,2024-10-06 15:30:00,Brighton,Tottenham,3,2,2,3,1.09279,1.97217,L
2024,2024-10-19 11:30:00,Tottenham,West Ham,4,1,4,1,1.44052,0.858803,W
2024,2024-10-27 14:00:00,Crystal Palace,Tottenham,1,0,0,1,1.0192,0.978611,L
2024,2024-11-03 14:00:00,Tottenham,Aston Villa,4,1,4,1,2.09751,2.48749,W
2024,2024-11-10 14:00:00,Tottenham,Ipswich,1,2,1,2,1.75088,2.18392,L
2024,2024-11-23 17:30:00,Manchester City,Tottenham,0,4,4,0,3.30449,2.15899,W
2024,2024-12-01 13:30:00,Tottenham,Fulham,1,1,1,1,1.01086,1.57274,D
2024,2024-12-05 20:15:00,Bournemouth,Tottenham,1,0,0,1,0.623934,3.27716,L
2024,2024-12-08 16:30:00,Tottenham,Chelsea,3,4,3,4,3.25488,2.57326,L
2024,2024-12-15 19:00:00,Southampton,Tottenham,0,5,5,0,3.89322,1.27356,W
2024,2024-12-22 16:30:00,Tottenham,Liverpool,3,6,3,6,1.20245,5.20214,L
2024,2024-12-26 15:00:00,Nottingham Forest,Tottenham,1,0,0,1,1.05758,1.30018,L
2024,2024-12-29 15:00:00,Tottenham,Wolverhampton Wanderers,2,2,2,2,2.28433,0.640697,D
2024,2025-01-04 12:30:00,Tottenham,Newcastle United,1,2,1,2,1.00333,2.42963,L
2024,2025-01-15 20:00:00,Arsenal,Tottenham,2,1,1,2,0.777071,2.25501,L
2024,2025-01-19 14:00:00,Everton,Tottenham,3,2,2,3,1.35719,2.56089,L
2024,2025-01-26 14:00:00,Tottenham,Leicester,1,2,1,2,1.27483,1.40469,L
2024,2025-02-02 14:00:00,Brentford,Tottenham,0,2,2,0,0.945355,1.66475,W
2024,2025-02-16 16:30:00,Tottenham,Manchester United,1,0,1,0,1.97109,1.42652,W
2024,2025-02-22 15:00:00,Ipswich,Tottenham,1,4,4,1,1.58741,1.15389,W
2024,2025-02-26 19:30:00,Tottenham,Manchester City,0,1,0,1,1.28426,2.38641,L
2024,2025-03-09 14:00:00,Tottenham,Bournemouth,2,2,2,2,1.35053,2.22536,D
2024,2025-03-16 13:30:00,Fulham,Tottenham,2,0,0,2,1.40865,1.03966,L
2024,2025-04-03 19:00:00,Chelsea,Tottenham,1,0,0,1,1.40274,1.30443,L
2024,2025-04-06 13:00:00,Tottenham,Southampton,3,1,3,1,2.648,0.780439,W
2024,2025-04-13 13:00:00,Wolverhampton Wanderers,Tottenham,4,2,2,4,1.62887,2.22977,L
2024,2025-04-21 19:00:00,Tottenham,Nottingham Forest,1,2,1,2,2.4024,0.557682,L
2024,2025-04-27 15:30:00,Liverpool,Tottenham,5,1,1,5,0.512812,2.51104,L
2024,2025-05-04 13:00:00,West Ham,Tottenham,1,1,1,1,0.847022,1.15166,D
2024,2025-05-11 13:15:00,Tottenham,Crystal Palace,0,2,0,2,0.806792,3.98546,L
2024,2025-05-16 18:30:00,Aston Villa,Tottenham,2,0,0,2,0.523016,1.69061,L
2024,2025-05-25 15:00:00,Tottenham,Brighton,1,4,1,4,1.85265,3.11624,L
2025,2025-08-16 14:00:00,Tottenham,Burnley,3,0,3,0,1.97858,0.734138,W
2025,2025-08-23 11:30:00,Manchester City,Tottenham,0,2,2,0,1.28015,1.2475,W
2025,2025-08-30 14:00:00,Tottenham,Bournemouth,0,1,0,1,0.17067,2.1201,L
2025,2025-09-13 16:30:00,West Ham,Tottenham,0,3,3,0,1.51402,0.793248,W
2025,2025-09-20 14:00:00,Brighton,Tottenham,2,2,2,2,1.19181,1.40466,D
2025,2025-09-27 19:00:00,Tottenham,Wolverhampton Wanderers,1,1,1,1,0.818711,1.15951,D
2025,2025-10-04 11:30:00,Leeds,Tottenham,1,2,2,1,0.688198,1.48051,W
2025,2025-10-19 13:00:00,Tottenham,Aston Villa,1,2,1,2,1.51461,0.352231,L
2025,2025-10-26 15:30:00,Everton,Tottenham,0,3,3,0,2.09327,1.4032,W
2025,2025-11-01 17:30:00,Tottenham,Chelsea,0,1,0,1,0.146954,3.34251,L
2025,2025-11-08 12:30:00,Tottenham,Manchester United,2,2,2,2,1.35532,0.820256,D
2025,2025-11-23 16:30:00,Arsenal,Tottenham,4,1,1,4,0.0300672,2.27827,L
2025,2025-11-29 20:00:00,Tottenham,Fulham,1,2,1,2,1.04396,0.494736,L
2025,2025-12-02 20:15:00,Newcastle United,Tottenham,2,2,2,2,1.05205,1.88558,D
2025,2025-12-06 15:00:00,Tottenham,Brentford,2,0,2,0,2.42388,0.470563,W
2025,2025-12-14 14:00:00,Nottingham Forest,Tottenham,3,0,0,3,0.380246,2.32658,L
2025,2025-12-20 17:30:00,Tottenham,Liverpool,1,2,1,2,1.34905,1.23164,L
2025,2025-12-28 16:30:00,Crystal Palace,Tottenham,0,1,1,0,0.870768,0.929681,W
2025,2026-01-01 20:00:00,Brentford,Tottenham,0,0,0,0,0.608309,0.556304,D
2025,2026-01-04 15:00:00,Tottenham,Sunderland,1,1,1,1,1.4175,0.467481,D
2025,2026-01-07 19:30:00,Bournemouth,Tottenham,3,2,2,3,1.6261,1.19014,L
2025,2026-01-17 15:00:00,Tottenham,West Ham,1,2,1,2,1.65292,2.76761,L
2025,2026-01-24 15:00:00,Burnley,Tottenham,2,2,2,2,2.59093,1.54884,D
2025,2026-02-01 16:30:00,Tottenham,Manchester City,2,2,2,2,1.49738,2.03614,D
2025,2026-02-07 12:30:00,Manchester United,Tottenham,2,0,0,2,0.593404,2.16576,L
2025,2026-02-10 19:30:00,Tottenham,Newcastle United,1,2,1,2,1.68925,2.46991,L
2025,2026-02-22 16:30:00,Tottenham,Arsenal,1,4,1,4,0.383264,3.31701,L
2025,2026-03-01 14:00:00,Fulham,Tottenham,2,1,1,2,0.952091,2.3207,L
2025,2026-03-05 20:00:00,Tottenham,Crystal Palace,1,3,1,3,1.29615,1.91515,L
2025,2026-03-15 16:30:00,Liverpool,Tottenham,1,1,1,1,1.15636,1.30076,D
2025,2026-03-22 14:15:00,Tottenham,Nottingham Forest,0,3,0,3,1.6189,1.54408,L
2025,2026-04-12 13:00:00,Sunderland,Tottenham,1,0,0,1,1.01598,1.77584,L
2025,2026-04-18 16:30:00,Tottenham,Brighton,2,2,2,2,1.56052,1.1373,D
2025,2026-04-25 14:00:00,Wolverhampton Wanderers,Tottenham,0,1,1,0,1.06403,0.762656,W
2025,2026-05-03 19:00:00,Aston Villa,Tottenham,1,2,2,1,1.12225,0.609494,W
2025,2026-05-11 20:00:00,Tottenham,Leeds,1,1,1,1,1.49036,1.86976,D
2025,2026-05-19 20:15:00,Chelsea,Tottenham,2,1,1,2,2.15227,1.09262,L
2025,2026-05-24 15:00:00,Tottenham,Everton,1,0,1,0,1.40597,0.268476,W
