season,team,interval,shots,goals,xG,total_goals,goals_minus_xG,goals_percentage,shots_against,goals_against,xGA,total_goals_against,goals_against_minus_xGA,goals_against_percentage
2021,Arsenal,1-15,81,12,9.51079197973013,61,2.4892080202698708,19.672131147540984,53,6,5.800124519504607,48,0.19987548049539328,12.5
2021,Arsenal,16-30,97,14,11.954484675079584,61,2.045515324920416,22.950819672131146,61,5,4.698751371819526,48,0.30124862818047404,10.416666666666668
2021,Arsenal,31-45,97,5,10.802890254184604,61,-5.802890254184604,8.19672131147541,62,9,6.827176691032946,48,2.172823308967054,18.75
2021,Arsenal,46-60,104,14,11.12857636064291,61,2.87142363935709,22.950819672131146,77,9,8.016164748929441,48,0.983835251070559,18.75
2021,Arsenal,61-75,101,5,10.09480319917202,61,-5.09480319917202,8.19672131147541,76,9,11.756934822537003,48,-2.756934822537003,18.75
2021,Arsenal,76+,107,11,12.056325437501073,61,-1.0563254375010729,18.0327868852459,97,10,12.463131825905291,48,-2.4631318259052914,20.833333333333336
2021,Chelsea,1-15,92,11,11.12577309459448,76,-0.12577309459448038,14.473684210526317,46,3,4.019774147309363,33,-1.0197741473093629,9.090909090909092
2021,Chelsea,16-30,87,11,8.826731430366635,76,2.1732685696333647,14.473684210526317,53,4,5.76612641569227,33,-1.7661264156922698,12.121212121212121
2021,Chelsea,31-45,89,12,10.3122902456671,76,1.6877097543329,15.789473684210526,50,2,5.537781665567309,33,-3.5377816655673087,6.0606060606060606
2021,Chelsea,46-60,110,19,13.482942076399922,76,5.517057923600078,25.0,71,11,8.480069763027132,33,2.5199302369728684,33.33333333333333
2021,Chelsea,61-75,91,7,10.151684182696044,76,-3.1516841826960444,9.210526315789473,49,4,4.985595480538905,33,-0.9855954805389047,12.121212121212121
2021,Chelsea,76+,124,16,17.602894952520728,76,-1.6028949525207281,21.052631578947366,70,9,7.383800407871604,33,1.616199592128396,27.27272727272727
2021,Liverpool,1-15,104,12,15.115424522198737,94,-3.1154245221987367,12.76595744680851,46,7,6.889058501459658,26,0.11094149854034185,26.923076923076923
2021,Liverpool,16-30,110,17,14.79991636890918,94,2.20008363109082,18.085106382978726,44,2,5.773253466002643,26,-3.773253466002643,7.6923076923076925
2021,Liverpool,31-45,128,14,16.582100641913712,94,-2.582100641913712,14.893617021276595,47,5,5.167140269652009,26,-0.167140269652009,19.230769230769234
2021,Liverpool,46-60,139,12,14.103246811777352,94,-2.1032468117773515,12.76595744680851,58,4,5.950063885189593,26,-1.9500638851895928,15.384615384615385
2021,Liverpool,61-75,117,18,14.754311154596508,94,3.2456888454034925,19.148936170212767,42,6,5.275464111939073,26,0.7245358880609274,23.076923076923077
2021,Liverpool,76+,131,21,20.037835024297237,94,0.9621649757027626,22.340425531914892,60,2,5.047651468310505,26,-3.047651468310505,7.6923076923076925
2021,Manchester City,1-15,106,20,17.722091619856656,99,2.2779083801433444,20.2020202020202,35,5,3.322390606161207,26,1.677609393838793,19.230769230769234
2021,Manchester City,16-30,103,14,12.76712648756802,99,1.2328735124319792,14.14141414141414,37,4,3.186921887099743,26,0.8130781129002571,15.384615384615385
2021,Manchester City,31-45,114,11,14.788691215217112,99,-3.7886912152171117,11.11111111111111,28,3,2.2069862550124526,26,0.7930137449875474,11.538461538461538
2021,Manchester City,46-60,137,13,14.701870631426573,99,-1.7018706314265728,13.131313131313133,51,6,6.2070836294442415,26,-0.20708362944424152,23.076923076923077
2021,Manchester City,61-75,121,19,16.667163128964603,99,2.332836871035397,19.19191919191919,34,4,4.610306814312935,26,-0.6103068143129349,15.384615384615385
2021,Manchester City,76+,136,22,22.614616201259196,99,-0.6146162012591958,22.22222222222222,52,4,6.033096109051257,26,-2.0330961090512574,15.384615384615385
2021,Manchester United,1-15,82,5,9.741868688724937,57,-4.741868688724937,8.771929824561402,84,9,10.977379069663584,57,-1.9773790696635842,15.789473684210526
2021,Manchester United,16-30,85,6,8.756106853950769,57,-2.7561068539507687,10.526315789473683,80,7,9.417722054757178,57,-2.417722054757178,12.280701754385964
2021,Manchester United,31-45,81,9,8.284432869404554,57,0.7155671305954456,15.789473684210526,92,8,11.287560914643109,57,-3.287560914643109,14.035087719298245
2021,Manchester United,46-60,95,12,11.416753026191143,57,0.5832469738088566,21.052631578947366,86,14,10.228162507526577,57,3.7718374924734235,24.561403508771928
2021,Manchester United,61-75,80,13,10.881011779420078,57,2.118988220579922,22.807017543859647,73,7,8.21983251767233,57,-1.2198325176723301,12.280701754385964
2021,Manchester United,76+,86,12,9.683881702832878,57,2.3161182971671224,21.052631578947366,99,12,10.713620361872016,57,1.2863796381279844,21.052631578947366
2021,Tottenham,1-15,67,11,9.653542576357722,69,1.3464574236422777,15.942028985507244,70,4,5.912873027846217,40,-1.9128730278462172,10.0
2021,Tottenham,16-30,74,9,9.767179699614644,69,-0.767179699614644,13.043478260869565,67,5,5.285210815258324,40,-0.28521081525832415,12.5
2021,Tottenham,31-45,81,12,12.973688079044225,69,-0.9736880790442246,17.391304347826086,93,8,9.013769818469882,40,-1.013769818469882,20.0
2021,Tottenham,46-60,105,13,16.537654909305274,69,-3.5376549093052745,18.84057971014493,103,4,7.0071049481630325,40,-3.0071049481630325,10.0
2021,Tottenham,61-75,79,14,15.189049207605422,69,-1.1890492076054215,20.28985507246377,82,8,8.999713996425271,40,-0.999713996425271,20.0
2021,Tottenham,76+,92,10,10.867924081161618,69,-0.8679240811616182,14.492753623188406,75,11,9.203439343720676,40,1.7965606562793237,27.500000000000004
2022,Arsenal,1-15,97,14,13.810264138504865,88,0.18973586149513544,15.909090909090908,42,5,5.151712452061474,43,-0.15171245206147432,11.627906976744185
2022,Arsenal,16-30,81,15,10.752547562122343,88,4.247452437877657,17.045454545454543,51,6,7.067926235496998,43,-1.0679262354969978,13.953488372093023
2022,Arsenal,31-45,84,11,9.90825039986521,88,1.09174960013479,12.5,46,5,6.95783459674567,43,-1.9578345967456698,11.627906976744185
2022,Arsenal,46-60,134,20,18.731884724460546,88,1.2681152755394542,22.727272727272727,67,9,10.260815129615366,43,-1.2608151296153665,20.930232558139537
2022,Arsenal,61-75,75,14,11.53664279729128,88,2.4633572027087194,15.909090909090908,60,12,9.032259780913591,43,2.9677402190864086,27.906976744186046
2022,Arsenal,76+,125,14,16.623476947657764,88,-2.623476947657764,15.909090909090908,76,6,7.968968717381358,43,-1.9689687173813581,13.953488372093023
2022,Chelsea,1-15,65,7,9.590704537928104,38,-2.5907045379281044,18.421052631578945,62,7,9.752695517614484,47,-2.752695517614484,14.893617021276595
2022,Chelsea,16-30,74,4,7.405882585793734,38,-3.4058825857937336,10.526315789473683,64,8,6.7498882887884974,47,1.2501117112115026,17.02127659574468
2022,Chelsea,31-45,80,1,8.554025716148317,38,-7.554025716148317,2.631578947368421,70,10,9.31001470796764,47,0.6899852920323593,21.27659574468085
2022,Chelsea,46-60,102,11,10.558907059021294,38,0.4410929409787059,28.947368421052634,94,2,11.909489414654672,47,-9.909489414654672,4.25531914893617
2022,Chelsea,61-75,78,6,7.819625083357096,38,-1.8196250833570957,15.789473684210526,77,13,11.008927107788622,47,1.9910728922113776,27.659574468085108
2022,Chelsea,76+,84,9,9.159464832395315,38,-0.15946483239531517,23.684210526315788,74,7,9.564340102486312,47,-2.5643401024863124,14.893617021276595
2022,Liverpool,1-15,68,13,11.1030186843127,75,1.8969813156873006,17.333333333333336,63,10,12.843793906271458,47,-2.8437939062714577,21.27659574468085
2022,Liverpool,16-30,94,7,11.585155857726932,75,-4.585155857726932,9.333333333333334,66,8,10.30934090493247,47,-2.309340904932469,17.02127659574468
2022,Liverpool,31-45,101,17,14.994477053172886,75,2.0055229468271136,22.666666666666664,54,6,7.369724342599511,47,-1.3697243425995111,12.76595744680851
2022,Liverpool,46-60,127,11,16.42911279015243,75,-5.4291127901524305,14.666666666666666,78,10,11.249381282366812,47,-1.2493812823668122,21.27659574468085
2022,Liverpool,61-75,88,14,14.958886718377473,75,-0.9588867183774727,18.666666666666668,46,7,8.13203071244061,47,-1.13203071244061,14.893617021276595
2022,Liverpool,76+,132,13,16.020378028042614,75,-3.0203780280426145,17.333333333333336,64,6,9.071504730731249,47,-3.071504730731249,12.76595744680851
2022,Manchester City,1-15,107,13,13.1521726725623,94,-0.15217267256229938,13.829787234042554,29,4,4.582506384700537,33,-0.5825063847005367,12.121212121212121
2022,Manchester City,16-30,91,14,12.62841999065131,94,1.3715800093486905,14.893617021276595,38,4,5.524365804158151,33,-1.5243658041581511,12.121212121212121
2022,Manchester City,31-45,111,21,16.902275728061795,94,4.097724271938205,22.340425531914892,50,4,5.683483739383519,33,-1.6834837393835187,12.121212121212121
2022,Manchester City,46-60,101,18,15.388782841153445,94,2.6112171588465554,19.148936170212767,51,5,3.711088488809765,33,1.2889115111902352,15.151515151515152
2022,Manchester City,61-75,97,19,15.809320904314518,94,3.190679095685482,20.212765957446805,51,6,5.341001246124506,33,0.658998753875494,18.181818181818183
2022,Manchester City,76+,95,9,13.665875630453227,94,-4.665875630453227,9.574468085106384,75,10,10.653205845505,33,-0.6532058455049992,30.303030303030305
2022,Manchester United,1-15,90,7,9.849691106937826,58,-2.8496911069378257,12.068965517241379,60,6,7.244893494993448,43,-1.2448934949934483,13.953488372093023
2022,Manchester United,16-30,100,7,12.556179800070822,58,-5.556179800070822,12.068965517241379,73,6,7.807637397199869,43,-1.8076373971998692,13.953488372093023
2022,Manchester United,31-45,105,11,13.429327429272234,58,-2.4293274292722344,18.96551724137931,67,6,7.371672576293349,43,-1.3716725762933493,13.953488372093023
2022,Manchester United,46-60,96,10,10.839185289107265,58,-0.8391852891072649,17.24137931034483,92,9,10.24911256507039,43,-1.2491125650703907,20.930232558139537
2022,Manchester United,61-75,94,11,11.888251232914628,58,-0.8882512329146284,18.96551724137931,87,6,9.750846404582262,43,-3.750846404582262,13.953488372093023
2022,Manchester United,76+,109,12,17.182452568784356,58,-5.182452568784356,20.689655172413794,101,10,9.28226304333657,43,0.7177369566634297,23.25581395348837
2022,Tottenham,1-15,69,8,7.638104261830449,70,0.3618957381695509,11.428571428571429,81,14,10.37360773794353,63,3.62639226205647,22.22222222222222
2022,Tottenham,16-30,73,7,7.365678359754384,70,-0.36567835975438356,10.0,82,8,5.699482559226453,63,2.3005174407735467,12.698412698412698
2022,Tottenham,31-45,66,9,7.997466115280986,70,1.0025338847190142,12.857142857142856,90,9,9.709003685042262,63,-0.7090036850422621,14.285714285714285
2022,Tottenham,46-60,117,13,14.28555049467832,70,-1.2855504946783203,18.571428571428573,103,11,10.83532291278243,63,0.16467708721756935,17.46031746031746
2022,Tottenham,61-75,91,17,11.876870824955404,70,5.123129175044596,24.285714285714285,82,9,7.459652568213642,63,1.5403474317863584,14.285714285714285
2022,Tottenham,76+,106,16,11.273399490397424,70,4.7266005096025765,22.857142857142858,82,12,8.949331052601337,63,3.0506689473986626,19.047619047619047
2023,Arsenal,1-15,99,12,12.764715453609824,91,-0.7647154536098242,13.186813186813188,41,4,5.747806868050247,29,-1.7478068680502474,13.793103448275861
2023,Arsenal,16-30,107,13,15.28627317538485,91,-2.2862731753848493,14.285714285714285,48,4,4.24241612944752,29,-0.24241612944751978,13.793103448275861
2023,Arsenal,31-45,113,16,19.815629748627543,91,-3.8156297486275434,17.582417582417584,45,2,4.0146940760314465,29,-2.0146940760314465,6.896551724137931
2023,Arsenal,46-60,132,14,17.40613636840135,91,-3.4061363684013486,15.384615384615385,65,9,6.941211698576808,29,2.058788301423192,31.03448275862069
2023,Arsenal,61-75,81,16,8.393317957408726,91,7.606682042591274,17.582417582417584,53,2,4.111724926158786,29,-2.111724926158786,6.896551724137931
2023,Arsenal,76+,130,20,17.722067332826555,91,2.2779326671734452,21.978021978021978,71,8,8.192462919745594,29,-0.19246291974559426,27.586206896551722
2023,Chelsea,1-15,85,9,8.764345632866025,77,0.23565436713397503,11.688311688311687,72,7,7.711631172336638,63,-0.711631172336638,11.11111111111111
2023,Chelsea,16-30,87,15,12.561027397867292,77,2.438972602132708,19.480519480519483,75,6,8.735143578611314,63,-2.7351435786113143,9.523809523809524
2023,Chelsea,31-45,77,12,12.910046314820647,77,-0.9100463148206472,15.584415584415584,78,10,8.148246170952916,63,1.8517538290470839,15.873015873015872
2023,Chelsea,46-60,112,9,18.049199688248336,77,-9.049199688248336,11.688311688311687,131,13,18.755607505328953,63,-5.755607505328953,20.634920634920633
2023,Chelsea,61-75,81,15,14.71678280737251,77,0.28321719262748957,19.480519480519483,67,9,6.260751636698842,63,2.739248363301158,14.285714285714285
2023,Chelsea,76+,107,17,15.848547683097422,77,1.1514523169025779,22.07792207792208,136,18,17.260135144926608,63,0.7398648550733924,28.57142857142857
2023,Liverpool,1-15,102,5,10.244975838810204,86,-5.244975838810204,5.813953488372093,58,8,7.41361016407609,41,0.5863898359239101,19.51219512195122
2023,Liverpool,16-30,117,12,14.791969337966291,86,-2.7919693379662913,13.953488372093023,46,6,5.754867829848081,41,0.24513217015191913,14.634146341463413
2023,Liverpool,31-45,133,13,16.80072687752545,86,-3.800726877525449,15.11627906976744,58,5,6.008634430356324,41,-1.0086344303563237,12.195121951219512
2023,Liverpool,46-60,160,17,24.3967318572104,86,-7.396731857210401,19.767441860465116,81,7,9.269106953404844,41,-2.269106953404844,17.073170731707318
2023,Liverpool,61-75,127,14,17.593505159951746,86,-3.5935051599517465,16.27906976744186,61,5,7.994864921085536,41,-2.9948649210855356,12.195121951219512
2023,Liverpool,76+,157,25,19.281976372003555,86,5.718023627996445,29.069767441860467,111,10,13.633847940247506,41,-3.633847940247506,24.390243902439025
2023,Manchester City,1-15,118,13,16.686308339238167,96,-3.686308339238167,13.541666666666666,36,4,3.798467975109816,34,0.20153202489018396,11.76470588235294
2023,Manchester City,16-30,121,16,15.248775919899344,96,0.7512240801006556,16.666666666666664,35,4,3.960975314490497,34,0.03902468550950289,11.76470588235294
2023,Manchester City,31-45,112,10,10.721984829753636,96,-0.7219848297536355,10.416666666666668,53,7,6.700721511617303,34,0.2992784883826971,20.588235294117645
2023,Manchester City,46-60,139,17,17.77011044509709,96,-0.7701104450970888,17.708333333333336,56,3,8.191475629806519,34,-5.1914756298065186,8.823529411764707
2023,Manchester City,61-75,93,21,13.666763542219996,96,7.3332364577800035,21.875,56,7,7.850206196308136,34,-0.850206196308136,20.588235294117645
2023,Manchester City,76+,114,19,18.18990335892886,96,0.8100966410711408,19.791666666666664,58,9,8.314516937360168,34,0.6854830626398325,26.47058823529412
2023,Manchester United,1-15,96,7,9.146466709673405,57,-2.1464667096734047,12.280701754385964,81,7,8.109937676228583,58,-1.1099376762285829,12.068965517241379
2023,Manchester United,16-30,70,9,8.422146729193628,57,0.5778532708063722,15.789473684210526,117,11,12.785794239491224,58,-1.7857942394912243,18.96551724137931
2023,Manchester United,31-45,80,6,7.36067246645689,57,-1.36067246645689,10.526315789473683,106,6,10.950762206688523,58,-4.950762206688523,10.344827586206897
2023,Manchester United,46-60,99,8,12.413172646425664,57,-4.413172646425664,14.035087719298245,129,8,16.739357984624803,58,-8.739357984624803,13.793103448275861
2023,Manchester United,61-75,94,11,11.639716824516654,57,-0.639716824516654,19.298245614035086,81,9,9.416608734987676,58,-0.41660873498767614,15.517241379310345
2023,Manchester United,76+,110,16,11.835533536039293,57,4.164466463960707,28.07017543859649,153,17,18.748000198975205,58,-1.7480001989752054,29.310344827586203
2023,Tottenham,1-15,76,12,10.713348969817162,74,1.2866510301828384,16.216216216216218,88,8,14.168163795024157,61,-6.168163795024157,13.114754098360656
2023,Tottenham,16-30,84,5,9.597447903826833,74,-4.597447903826833,6.756756756756757,72,12,11.44559244159609,61,0.5544075584039092,19.672131147540984
2023,Tottenham,31-45,72,8,8.76541502494365,74,-0.7654150249436498,10.81081081081081,84,8,10.8641827814281,61,-2.8641827814281005,13.114754098360656
2023,Tottenham,46-60,128,20,17.975498837884516,74,2.0245011621154845,27.027027027027028,91,12,14.519956544972956,61,-2.519956544972956,19.672131147540984
2023,Tottenham,61-75,103,10,11.646523603238164,74,-1.6465236032381636,13.513513513513514,46,8,6.742428845260292,61,1.2575711547397077,13.114754098360656
2023,Tottenham,76+,124,19,20.059261478483677,74,-1.059261478483677,25.675675675675674,109,13,14.456507858354598,61,-1.4565078583545983,21.311475409836063
2024,Arsenal,1-15,85,9,10.299579826183615,69,-1.2995798261836153,13.043478260869565,37,5,4.284926924854517,34,0.715073075145483,14.705882352941178
2024,Arsenal,16-30,78,8,9.66138272639364,69,-1.66138272639364,11.594202898550725,49,5,6.8807162856683135,34,-1.8807162856683135,14.705882352941178
2024,Arsenal,31-45,85,15,14.610852628946304,69,0.3891473710536957,21.73913043478261,48,3,4.769553003832698,34,-1.7695530038326979,8.823529411764707
2024,Arsenal,46-60,108,14,17.079815291799605,69,-3.079815291799605,20.28985507246377,84,9,9.072180871851742,34,-0.07218087185174227,26.47058823529412
2024,Arsenal,61-75,89,12,12.826939166523516,69,-0.8269391665235162,17.391304347826086,56,7,6.269233674742281,34,0.7307663252577186,20.588235294117645
2024,Arsenal,76+,103,11,13.11891634017229,69,-2.118916340172291,15.942028985507244,88,5,9.104295948520305,34,-4.1042959485203045,14.705882352941178
2024,Chelsea,1-15,81,11,10.153605254366994,64,0.8463947456330061,17.1875,45,6,6.072981875389814,43,-0.07298187538981438,13.953488372093023
2024,Chelsea,16-30,106,11,16.164846781641245,64,-5.164846781641245,17.1875,55,8,7.186507604084909,43,0.813492395915091,18.6046511627907
2024,Chelsea,31-45,88,8,9.936743100173771,64,-1.9367431001737714,12.5,69,5,10.057438428513706,43,-5.057438428513706,11.627906976744185
2024,Chelsea,46-60,122,12,15.766310843639076,64,-3.7663108436390758,18.75,66,9,9.242212381213903,43,-0.24221238121390343,20.930232558139537
2024,Chelsea,61-75,92,9,12.114863057620823,64,-3.1148630576208234,14.0625,65,4,9.084283207543194,43,-5.084283207543194,9.30232558139535
2024,Chelsea,76+,109,13,13.255024932324886,64,-0.2550249323248863,20.3125,98,11,12.821575692854822,43,-1.8215756928548217,25.581395348837212
2024,Liverpool,1-15,89,11,11.71931549627334,86,-0.7193154962733406,12.790697674418606,43,9,4.9345448818057775,41,4.0654551181942225,21.951219512195124
2024,Liverpool,16-30,98,14,13.446062535978854,86,0.5539374640211463,16.27906976744186,48,1,4.702876747585833,41,-3.702876747585833,2.4390243902439024
2024,Liverpool,31-45,85,14,13.332118375226855,86,0.6678816247731447,16.27906976744186,77,9,9.590711473487318,41,-0.5907114734873176,21.951219512195124
2024,Liverpool,46-60,128,16,20.71922365948558,86,-4.7192236594855785,18.6046511627907,71,7,8.474995028227568,41,-1.4749950282275677,17.073170731707318
2024,Liverpool,61-75,123,16,18.57575780991465,86,-2.5757578099146485,18.6046511627907,62,7,6.076613697223365,41,0.9233863027766347,17.073170731707318
2024,Liverpool,76+,126,15,18.05539679620415,86,-3.0553967962041497,17.441860465116278,87,8,11.160525320097804,41,-3.160525320097804,19.51219512195122
2024,Manchester City,1-15,92,14,14.972557212226093,72,-0.9725572122260928,19.444444444444446,54,12,9.76639206521213,44,2.2336079347878695,27.27272727272727
2024,Manchester City,16-30,88,13,13.575156273320315,72,-0.5751562733203155,18.055555555555554,53,7,9.549710538238289,44,-2.5497105382382887,15.909090909090908
2024,Manchester City,31-45,122,14,13.408718291670084,72,0.591281708329916,19.444444444444446,55,3,6.644225398078561,44,-3.644225398078561,6.8181818181818175
2024,Manchester City,46-60,105,9,12.59680816717446,72,-3.5968081671744603,12.5,67,5,9.555555357597768,44,-4.555555357597768,11.363636363636363
2024,Manchester City,61-75,91,6,8.877118699252605,72,-2.8771186992526054,8.333333333333332,52,5,8.280014410614967,44,-3.2800144106149673,11.363636363636363
2024,Manchester City,76+,111,16,12.704988917335868,72,3.295011082664132,22.22222222222222,75,12,11.450871356762946,44,0.5491286432370543,27.27272727272727
2024,Manchester United,1-15,65,2,8.70723582431674,44,-6.70723582431674,4.545454545454546,57,7,8.898799599613994,54,-1.8987995996139944,12.962962962962962
2024,Manchester United,16-30,60,6,9.00995968002826,44,-3.0099596800282598,13.636363636363635,69,7,8.154339564032853,54,-1.1543395640328526,12.962962962962962
2024,Manchester United,31-45,91,7,8.728327803313732,44,-1.7283278033137321,15.909090909090908,64,8,11.19745251070708,54,-3.1974525107070804,14.814814814814813
2024,Manchester United,46-60,89,6,6.9647524654865265,44,-0.9647524654865265,13.636363636363635,83,13,11.39029363077134,54,1.6097063692286593,24.074074074074073
2024,Manchester United,61-75,75,6,8.68712714035064,44,-2.68712714035064,13.636363636363635,65,12,11.961268325336276,54,0.03873167466372429,22.22222222222222
2024,Manchester United,76+,150,17,17.602349263615906,44,-0.6023492636159062,38.63636363636363,78,7,12.00963009055704,54,-5.009630090557041,12.962962962962962
2024,Tottenham,1-15,89,15,12.632540865801277,64,2.3674591341987234,23.4375,85,9,10.383783070370557,65,-1.3837830703705567,13.846153846153847
2024,Tottenham,16-30,78,11,10.057901973836124,64,0.9420980261638761,17.1875,78,10,9.556514985859394,65,0.4434850141406059,15.384615384615385
2024,Tottenham,31-45,71,5,9.221625200472772,64,-4.221625200472772,7.8125,83,14,15.342354922555389,65,-1.3423549225553888,21.53846153846154
2024,Tottenham,46-60,92,11,14.296009452082217,64,-3.2960094520822167,17.1875,105,12,16.547154566273093,65,-4.547154566273093,18.461538461538463
2024,Tottenham,61-75,73,5,6.921281622722745,64,-1.921281622722745,7.8125,85,10,11.483925216831269,65,-1.4839252168312687,15.384615384615385
2024,Tottenham,76+,96,17,15.981305453926325,64,1.0186945460736752,26.5625,90,10,9.98845729790628,65,0.011542702093720436,15.384615384615385
2025,Arsenal,1-15,91,9,13.066159905400127,71,-4.066159905400127,12.676056338028168,34,3,5.74491093121469,27,-2.74491093121469,11.11111111111111
2025,Arsenal,16-30,67,5,10.714770313352346,71,-5.714770313352346,7.042253521126761,51,1,5.3401322569698095,27,-4.3401322569698095,3.7037037037037033
2025,Arsenal,31-45,106,17,13.711657903157176,71,3.2883420968428236,23.943661971830984,39,5,3.4247130574658513,27,1.5752869425341487,18.51851851851852
2025,Arsenal,46-60,104,16,16.431625625118613,71,-0.43162562511861324,22.535211267605636,62,5,5.649792738258839,27,-0.6497927382588387,18.51851851851852
2025,Arsenal,61-75,82,9,11.498258852399886,71,-2.4982588523998857,12.676056338028168,51,5,4.653875078074634,27,0.3461249219253659,18.51851851851852
2025,Arsenal,76+,107,15,18.55989260552451,71,-3.55989260552451,21.12676056338028,74,8,10.645372035447508,27,-2.645372035447508,29.629629629629626
2025,Chelsea,1-15,67,6,7.659189363010228,58,-1.6591893630102277,10.344827586206897,74,11,10.12766264937818,52,0.8723373506218195,21.153846153846153
2025,Chelsea,16-30,87,7,9.004468903876841,58,-2.004468903876841,12.068965517241379,52,6,8.268200483173132,52,-2.268200483173132,11.538461538461538
2025,Chelsea,31-45,68,10,12.014193058013916,58,-2.014193058013916,17.24137931034483,57,7,7.808223865926266,52,-0.8082238659262657,13.461538461538462
2025,Chelsea,46-60,105,18,17.690161216072738,58,0.30983878392726183,31.03448275862069,73,8,11.286647663451731,52,-3.286647663451731,15.384615384615385
2025,Chelsea,61-75,86,9,12.93125995900482,58,-3.9312599590048194,15.517241379310345,63,10,11.330617095343769,52,-1.3306170953437686,19.230769230769234
2025,Chelsea,76+,97,8,15.218091784976425,58,-7.218091784976425,13.793103448275861,97,10,11.892438496463,52,-1.8924384964630008,19.230769230769234
2025,Liverpool,1-15,66,4,5.948950244113803,63,-1.948950244113803,6.349206349206349,55,7,9.072854669764638,53,-2.072854669764638,13.20754716981132
2025,Liverpool,16-30,86,5,8.104373048990965,63,-3.104373048990965,7.936507936507936,59,3,6.745352647267282,53,-3.745352647267282,5.660377358490567
2025,Liverpool,31-45,104,15,12.922812302596869,63,2.077187697403131,23.809523809523807,71,7,6.573065664619207,53,0.4269343353807926,13.20754716981132
2025,Liverpool,46-60,115,14,14.830520990304649,63,-0.8305209903046489,22.22222222222222,58,9,8.09214580990374,53,0.9078541900962591,16.9811320754717
2025,Liverpool,61-75,90,5,8.528976653702557,63,-3.528976653702557,7.936507936507936,79,11,9.228407190181317,53,1.7715928098186833,20.754716981132077
2025,Liverpool,76+,125,20,19.468635477125645,63,0.5313645228743553,31.746031746031743,112,16,15.132689566351472,53,0.8673104336485284,30.18867924528302
2025,Manchester City,1-15,75,10,11.758534722961484,77,-1.7585347229614836,12.987012987012985,29,0,4.902561490423977,35,-4.902561490423977,0.0
2025,Manchester City,16-30,109,12,14.357849831692874,77,-2.3578498316928744,15.584415584415584,55,4,5.102762659080327,35,-1.1027626590803266,11.428571428571429
2025,Manchester City,31-45,99,16,14.5384906437248,77,1.4615093562752008,20.77922077922078,34,4,3.380326467566192,35,0.6196735324338078,11.428571428571429
2025,Manchester City,46-60,100,14,14.644453717395663,77,-0.6444537173956633,18.181818181818183,90,9,11.411200801841916,35,-2.4112008018419164,25.71428571428571
2025,Manchester City,61-75,80,12,11.775655479170382,77,0.22434452082961798,15.584415584415584,69,13,11.16327603533864,35,1.8367239646613598,37.142857142857146
2025,Manchester City,76+,133,13,17.084851642139256,77,-4.084851642139256,16.883116883116884,93,5,12.657850785180926,35,-7.657850785180926,14.285714285714285
2025,Manchester United,1-15,82,8,10.454415355809031,69,-2.454415355809031,11.594202898550725,69,5,9.369322454556825,50,-4.3693224545568246,10.0
2025,Manchester United,16-30,88,8,12.2789890691638,69,-4.278989069163799,11.594202898550725,51,5,7.12778455298394,50,-2.1277845529839396,10.0
2025,Manchester United,31-45,93,10,10.787461588159204,69,-0.7874615881592035,14.492753623188406,69,5,6.727480536326766,50,-1.727480536326766,10.0
2025,Manchester United,46-60,115,18,16.264704471454024,69,1.7352955285459757,26.08695652173913,66,12,8.684129189699888,50,3.3158708103001118,24.0
2025,Manchester United,61-75,84,11,12.618220150470734,69,-1.6182201504707336,15.942028985507244,83,8,9.35640961676836,50,-1.3564096167683601,16.0
2025,Manchester United,76+,137,14,14.844776886049658,69,-0.8447768860496581,20.28985507246377,103,15,11.579611781053243,50,3.4203882189467567,30.0
2025,Tottenham,1-15,60,4,4.582189064472914,48,-0.5821890644729137,8.333333333333332,59,7,6.420707628130913,57,0.5792923718690872,12.280701754385964
2025,Tottenham,16-30,47,5,5.818574705161154,48,-0.8185747051611543,10.416666666666668,67,5,6.589865987189114,57,-1.589865987189114,8.771929824561402
2025,Tottenham,31-45,76,9,9.471314967609942,48,-0.47131496760994196,18.75,69,16,10.298362529836597,57,5.701637470163403,28.07017543859649
2025,Tottenham,46-60,90,10,9.761025206185876,48,0.23897479381412445,20.833333333333336,98,9,11.2585253957659,57,-2.2585253957659006,15.789473684210526
2025,Tottenham,61-75,60,7,6.861566273495555,48,0.13843372650444508,14.583333333333334,76,8,8.928336852230132,57,-0.9283368522301316,14.035087719298245
2025,Tottenham,76+,103,13,12.440252404659986,48,0.5597475953400135,27.083333333333332,96,12,12.630538337863982,57,-0.6305383378639817,21.052631578947366
