season,team,interval,shots,goals,xG,shots_against,goals_against,xGA
2021,Arsenal,1-15,81,12,9.51079197973013,53,6,5.800124519504607
2021,Arsenal,16-30,97,14,11.954484675079584,61,5,4.698751371819526
2021,Arsenal,31-45,97,5,10.802890254184604,62,9,6.827176691032946
2021,Arsenal,46-60,104,14,11.12857636064291,77,9,8.016164748929441
2021,Arsenal,61-75,101,5,10.09480319917202,76,9,11.756934822537005
2021,Arsenal,76+,107,11,12.056325437501073,97,10,12.463131825905293
2021,Chelsea,1-15,92,11,11.125773094594479,46,3,4.019774147309363
2021,Chelsea,16-30,87,11,8.826731430366635,53,4,5.76612641569227
2021,Chelsea,31-45,89,12,10.3122902456671,50,2,5.537781665567309
2021,Chelsea,46-60,110,19,13.482942076399922,71,11,8.480069763027132
2021,Chelsea,61-75,91,7,10.151684182696044,49,4,4.985595480538905
2021,Chelsea,76+,124,16,17.602894952520728,70,9,7.383800407871604
2021,Liverpool,1-15,104,12,15.115424522198737,46,7,6.889058501459658
2021,Liverpool,16-30,110,17,14.79991636890918,44,2,5.773253466002643
2021,Liverpool,31-45,128,14,16.582100641913712,47,5,5.167140269652009
2021,Liverpool,46-60,139,12,14.103246811777353,58,4,5.950063885189593
2021,Liverpool,61-75,117,18,14.754311154596508,42,6,5.275464111939073
2021,Liverpool,76+,131,21,20.037835024297237,60,2,5.047651468310505
2021,Manchester City,1-15,106,20,17.722091619856656,35,5,3.322390606161207
2021,Manchester City,16-30,103,14,12.76712648756802,37,4,3.186921887099743
2021,Manchester City,31-45,114,11,14.788691215217113,28,3,2.2069862550124526
2021,Manchester City,46-60,137,13,14.701870631426573,51,6,6.2070836294442415
2021,Manchester City,61-75,121,19,16.667163128964603,34,4,4.610306814312935
2021,Manchester City,76+,136,22,22.614616201259196,52,4,6.033096109051257
2021,Manchester United,1-15,82,5,9.741868688724935,84,9,10.977379069663584
2021,Manchester United,16-30,85,6,8.756106853950769,80,7,9.417722054757178
2021,Manchester United,31-45,81,9,8.284432869404554,92,8,11.287560914643109
2021,Manchester United,46-60,95,12,11.416753026191145,86,14,10.228162507526577
2021,Manchester United,61-75,80,13,10.881011779420078,73,7,8.21983251767233
2021,Manchester United,76+,86,12,9.683881702832878,99,12,10.713620361872017
2021,Tottenham,1-15,67,11,9.653542576357722,70,4,5.912873027846217
2021,Tottenham,16-30,74,9,9.767179699614644,67,5,5.285210815258324
2021,Tottenham,31-45,81,12,12.973688079044223,93,8,9.013769818469882
2021,Tottenham,46-60,105,13,16.537654909305274,103,4,7.0071049481630325
2021,Tottenham,61-75,79,14,15.189049207605422,82,8,8.999713996425271
2021,Tottenham,76+,92,10,10.867924081161618,75,11,9.203439343720675
2022,Arsenal,1-15,97,14,13.810264138504863,42,5,5.151712452061474
2022,Arsenal,16-30,81,15,10.752547562122345,51,6,7.067926235496998
2022,Arsenal,31-45,84,11,9.90825039986521,46,5,6.95783459674567
2022,Arsenal,46-60,134,20,18.731884724460542,67,9,10.260815129615366
2022,Arsenal,61-75,75,14,11.536642797291279,60,12,9.032259780913591
2022,Arsenal,76+,125,14,16.623476947657764,76,6,7.968968717381358
2022,Chelsea,1-15,65,7,9.590704537928104,62,7,9.752695517614484
2022,Chelsea,16-30,74,4,7.405882585793734,64,8,6.7498882887884974
2022,Chelsea,31-45,80,1,8.554025716148317,70,10,9.310014707967639
2022,Chelsea,46-60,102,11,10.558907059021294,94,2,11.909489414654672
2022,Chelsea,61-75,78,6,7.819625083357096,77,13,11.008927107788622
2022,Chelsea,76+,84,9,9.159464832395315,74,7,9.564340102486312
2022,Liverpool,1-15,68,13,11.103018684312701,63,10,12.843793906271458
2022,Liverpool,16-30,94,7,11.585155857726932,66,8,10.30934090493247
2022,Liverpool,31-45,101,17,14.994477053172886,54,6,7.369724342599511
2022,Liverpool,46-60,127,11,16.42911279015243,78,10,11.249381282366812
2022,Liverpool,61-75,88,14,14.958886718377471,46,7,8.13203071244061
2022,Liverpool,76+,132,13,16.020378028042614,64,6,9.071504730731249
2022,Manchester City,1-15,107,13,13.152172672562301,29,4,4.582506384700537
2022,Manchester City,16-30,91,14,12.62841999065131,38,4,5.524365804158151
2022,Manchester City,31-45,111,21,16.902275728061795,50,4,5.683483739383519
2022,Manchester City,46-60,101,18,15.388782841153443,51,5,3.7110884888097644
2022,Manchester City,61-75,97,19,15.809320904314518,51,6,5.341001246124506
2022,Manchester City,76+,95,9,13.665875630453229,75,10,10.653205845505
2022,Manchester United,1-15,90,7,9.849691106937826,60,6,7.244893494993448
2022,Manchester United,16-30,100,7,12.556179800070822,73,6,7.807637397199869
2022,Manchester United,31-45,105,11,13.429327429272234,67,6,7.371672576293349
2022,Manchester United,46-60,96,10,10.839185289107263,92,9,10.24911256507039
2022,Manchester United,61-75,94,11,11.888251232914627,87,6,9.750846404582262
2022,Manchester United,76+,109,12,17.182452568784356,101,10,9.28226304333657
2022,Tottenham,1-15,69,8,7.638104261830449,81,14,10.37360773794353
2022,Tottenham,16-30,73,7,7.365678359754384,82,8,5.699482559226453
2022,Tottenham,31-45,66,9,7.997466115280986,90,9,9.709003685042262
2022,Tottenham,46-60,117,13,14.285550494678319,103,11,10.83532291278243
2022,Tottenham,61-75,91,17,11.876870824955404,82,9,7.459652568213642
2022,Tottenham,76+,106,16,11.273399490397424,82,12,8.949331052601337
2023,Arsenal,1-15,99,12,12.764715453609824,41,4,5.747806868050247
2023,Arsenal,16-30,107,13,15.28627317538485,48,4,4.24241612944752
2023,Arsenal,31-45,113,16,19.815629748627543,45,2,4.0146940760314465
2023,Arsenal,46-60,132,14,17.40613636840135,65,9,6.941211698576808
2023,Arsenal,61-75,81,16,8.393317957408726,53,2,4.111724926158786
2023,Arsenal,76+,130,20,17.722067332826555,71,8,8.192462919745594
2023,Chelsea,1-15,85,9,8.764345632866025,72,7,7.711631172336638
2023,Chelsea,16-30,87,15,12.561027397867292,75,6,8.735143578611314
2023,Chelsea,31-45,77,12,12.910046314820647,78,10,8.148246170952916
2023,Chelsea,46-60,112,9,18.049199688248336,131,13,18.755607505328953
2023,Chelsea,61-75,81,15,14.71678280737251,67,9,6.260751636698842
2023,Chelsea,76+,107,17,15.848547683097422,136,18,17.260135144926608
2023,Liverpool,1-15,102,5,10.244975838810205,58,8,7.41361016407609
2023,Liverpool,16-30,117,12,14.791969337966293,46,6,5.754867829848081
2023,Liverpool,31-45,133,13,16.80072687752545,58,5,6.008634430356324
2023,Liverpool,46-60,160,17,24.396731857210398,81,7,9.269106953404844
2023,Liverpool,61-75,127,14,17.593505159951746,61,5,7.9948649210855365
2023,Liverpool,76+,157,25,19.281976372003555,111,10,13.633847940247506
2023,Manchester City,1-15,118,13,16.686308339238167,36,4,3.7984679751098156
2023,Manchester City,16-30,121,16,15.248775919899344,35,4,3.960975314490497
2023,Manchester City,31-45,112,10,10.721984829753637,53,7,6.700721511617303
2023,Manchester City,46-60,139,17,17.77011044509709,56,3,8.191475629806519
2023,Manchester City,61-75,93,21,13.666763542219996,56,7,7.850206196308136
2023,Manchester City,76+,114,19,18.18990335892886,58,9,8.314516937360168
2023,Manchester United,1-15,96,7,9.146466709673405,81,7,8.109937676228583
2023,Manchester United,16-30,70,9,8.422146729193628,117,11,12.785794239491224
2023,Manchester United,31-45,80,6,7.36067246645689,106,6,10.950762206688523
2023,Manchester United,46-60,99,8,12.413172646425664,129,8,16.739357984624803
2023,Manchester United,61-75,94,11,11.639716824516654,81,9,9.416608734987676
2023,Manchester United,76+,110,16,11.835533536039293,153,17,18.748000198975205
2023,Tottenham,1-15,76,12,10.713348969817162,88,8,14.168163795024157
2023,Tottenham,16-30,84,5,9.597447903826833,72,12,11.44559244159609
2023,Tottenham,31-45,72,8,8.76541502494365,84,8,10.864182781428099
2023,Tottenham,46-60,128,20,17.975498837884516,91,12,14.519956544972956
2023,Tottenham,61-75,103,10,11.646523603238165,46,8,6.742428845260292
2023,Tottenham,76+,124,19,20.059261478483677,109,13,14.456507858354598
2024,Arsenal,1-15,85,9,10.299579826183617,37,5,4.284926924854517
2024,Arsenal,16-30,78,8,9.66138272639364,49,5,6.8807162856683135
2024,Arsenal,31-45,85,15,14.610852628946304,48,3,4.769553003832698
2024,Arsenal,46-60,108,14,17.079815291799605,84,9,9.072180871851742
2024,Arsenal,61-75,89,12,12.826939166523516,56,7,6.269233674742281
2024,Arsenal,76+,103,11,13.11891634017229,88,5,9.104295948520303
2024,Chelsea,1-15,81,11,10.153605254366994,45,6,6.072981875389814
2024,Chelsea,16-30,106,11,16.164846781641245,55,8,7.186507604084909
2024,Chelsea,31-45,88,8,9.936743100173771,69,5,10.057438428513706
2024,Chelsea,46-60,122,12,15.766310843639076,66,9,9.242212381213903
2024,Chelsea,61-75,92,9,12.114863057620823,65,4,9.084283207543194
2024,Chelsea,76+,109,13,13.255024932324886,98,11,12.821575692854822
2024,Liverpool,1-15,89,11,11.719315496273339,43,9,4.9345448818057775
2024,Liverpool,16-30,98,14,13.446062535978854,48,1,4.702876747585833
2024,Liverpool,31-45,85,14,13.332118375226855,77,9,9.590711473487318
2024,Liverpool,46-60,128,16,20.71922365948558,71,7,8.474995028227568
2024,Liverpool,61-75,123,16,18.57575780991465,62,7,6.076613697223365
2024,Liverpool,76+,126,15,18.05539679620415,87,8,11.160525320097804
2024,Manchester City,1-15,92,14,14.972557212226093,54,12,9.76639206521213
2024,Manchester City,16-30,88,13,13.575156273320317,53,7,9.549710538238287
2024,Manchester City,31-45,122,14,13.408718291670084,55,3,6.644225398078561
2024,Manchester City,46-60,105,9,12.596808167174459,67,5,9.555555357597768
2024,Manchester City,61-75,91,6,8.877118699252605,52,5,8.280014410614967
2024,Manchester City,76+,111,16,12.704988917335868,75,12,11.450871356762946
2024,Manchester United,1-15,65,2,8.70723582431674,57,7,8.898799599613994
2024,Manchester United,16-30,60,6,9.00995968002826,69,7,8.154339564032853
2024,Manchester United,31-45,91,7,8.728327803313732,64,8,11.19745251070708
2024,Manchester United,46-60,89,6,6.9647524654865265,83,13,11.390293630771339
2024,Manchester United,61-75,75,6,8.68712714035064,65,12,11.961268325336277
2024,Manchester United,76+,150,17,17.602349263615906,78,7,12.009630090557039
2024,Tottenham,1-15,89,15,12.632540865801275,85,9,10.383783070370555
2024,Tottenham,16-30,78,11,10.057901973836124,78,10,9.556514985859394
2024,Tottenham,31-45,71,5,9.221625200472772,83,14,15.342354922555387
2024,Tottenham,46-60,92,11,14.296009452082217,105,12,16.547154566273093
2024,Tottenham,61-75,73,5,6.921281622722745,85,10,11.483925216831267
2024,Tottenham,76+,96,17,15.981305453926325,90,10,9.98845729790628
2025,Arsenal,1-15,91,9,13.066159905400127,34,3,5.74491093121469
2025,Arsenal,16-30,67,5,10.714770313352346,51,1,5.3401322569698095
2025,Arsenal,31-45,106,17,13.711657903157175,39,5,3.4247130574658513
2025,Arsenal,46-60,104,16,16.431625625118613,62,5,5.649792738258839
2025,Arsenal,61-75,82,9,11.498258852399886,51,5,4.653875078074634
2025,Arsenal,76+,107,15,18.55989260552451,74,8,10.645372035447508
2025,Chelsea,1-15,67,6,7.659189363010228,74,11,10.12766264937818
2025,Chelsea,16-30,87,7,9.004468903876841,52,6,8.268200483173132
2025,Chelsea,31-45,68,10,12.014193058013916,57,7,7.808223865926266
2025,Chelsea,46-60,105,18,17.690161216072738,73,8,11.286647663451731
2025,Chelsea,61-75,86,9,12.93125995900482,63,10,11.330617095343769
2025,Chelsea,76+,97,8,15.218091784976423,97,10,11.892438496463
2025,Liverpool,1-15,66,4,5.948950244113803,55,7,9.072854669764638
2025,Liverpool,16-30,86,5,8.104373048990965,59,3,6.745352647267282
2025,Liverpool,31-45,104,15,12.922812302596867,71,7,6.573065664619207
2025,Liverpool,46-60,115,14,14.830520990304649,58,9,8.09214580990374
2025,Liverpool,61-75,90,5,8.528976653702557,79,11,9.228407190181315
2025,Liverpool,76+,125,20,19.468635477125645,112,16,15.132689566351473
2025,Manchester City,1-15,75,10,11.758534722961485,29,0,4.902561490423977
2025,Manchester City,16-30,109,12,14.357849831692874,55,4,5.102762659080327
2025,Manchester City,31-45,99,16,14.5384906437248,34,4,3.380326467566192
2025,Manchester City,46-60,100,14,14.644453717395663,90,9,11.411200801841915
2025,Manchester City,61-75,80,12,11.775655479170382,69,13,11.16327603533864
2025,Manchester City,76+,133,13,17.084851642139256,93,5,12.657850785180926
2025,Manchester United,1-15,82,8,10.454415355809033,69,5,9.369322454556823
2025,Manchester United,16-30,88,8,12.2789890691638,51,5,7.12778455298394
2025,Manchester United,31-45,93,10,10.787461588159204,69,5,6.727480536326766
2025,Manchester United,46-60,115,18,16.264704471454024,66,12,8.684129189699888
2025,Manchester United,61-75,84,11,12.618220150470734,83,8,9.35640961676836
2025,Manchester United,76+,137,14,14.844776886049658,103,15,11.579611781053245
2025,Tottenham,1-15,60,4,4.582189064472914,59,7,6.420707628130913
2025,Tottenham,16-30,47,5,5.818574705161154,67,5,6.589865987189114
2025,Tottenham,31-45,76,9,9.471314967609942,69,16,10.298362529836595
2025,Tottenham,46-60,90,10,9.761025206185877,98,9,11.2585253957659
2025,Tottenham,61-75,60,7,6.861566273495555,76,8,8.928336852230132
2025,Tottenham,76+,103,13,12.440252404659986,96,12,12.630538337863982
